{"train": [{"input": [[0, 0, 0, 0, 0], [0, 0, 1, 0, 0], [0, 1, 1, 1, 0],
[0, 0, 0, 0, 0], [0, 0, 0, 0, 0]], "output": [[0, 0, 0, 0, 0], [0, 0, 1,
0, 0], [0, 0, 1, 1, 0], [0, 0, 1, 0, 0], [0, 0, 0, 0, 0]]}, {"input":
[[0, 0, 0, 0, 0, 0, 0], [0, 0, 0, 0, 0, 0, 0], [0, 2, 0, 0, 0, 2, 0],
[0, 0, 2, 0, 2, 0, 0], [0, 0, 0, 2, 0, 0, 0], [0, 0, 0, 0, 0, 0, 0], [0,
0, 0, 0, 0, 0, 0]], "output": [[0, 0, 0, 0, 0, 0, 0], [0, 0, 0, 0, 2, 0,
0], [0, 0, 0, 2, 0, 0, 0], [0, 0, 2, 0, 0, 0, 0], [0, 0, 0, 2, 0, 0, 0],
[0, 0, 0, 0, 2, 0, 0], [0, 0, 0, 0, 0, 0, 0]]}, {"input": [[0, 0, 0],
[3, 0, 0], [3, 3, 0]], "output": [[3, 3, 0], [3, 0, 0], [0, 0, 0]]},
{"input": [[0, 0, 0, 0, 0, 0, 0, 0, 0], [0, 1, 0, 0, 0, 0, 0, 0, 0], [0,
0, 0, 0, 0, 0, 0, 0, 0], [0, 0, 0, 0, 0, 0, 0, 0, 0], [0, 0, 1, 0, 1, 0,
1, 0, 0], [0, 0, 1, 0, 0, 0, 1, 0, 0], [0, 0, 1, 1, 1, 1, 1, 0, 0], [0,
0, 0, 0, 0, 0, 0, 0, 0], [0, 0, 0, 0, 0, 0, 0, 0, 0]], "output": [[0, 0,
0, 0, 0, 0, 0, 0, 0], [0, 0, 0, 0, 0, 0, 0, 1, 0], [0, 0, 1, 1, 1, 0, 0,
0, 0], [0, 0, 1, 0, 0, 0, 0, 0, 0], [0, 0, 1, 0, 1, 0, 0, 0, 0], [0, 0,
1, 0, 0, 0, 0, 0, 0], [0, 0, 1, 1, 1, 0, 0, 0, 0], [0, 0, 0, 0, 0, 0, 0,
0, 0], [0, 0, 0, 0, 0, 0, 0, 0, 0]]}, {"input": [[0]], "output":
[[0]]}], "test": [{"input": [[6, 6, 6, 0, 0, 0, 0, 0, 0, 0, 0], [6, 0,
0, 0, 0, 0, 0, 0, 0, 0, 0], [6, 6, 6, 0, 0, 0, 0, 0, 8, 8, 8], [6, 0, 6,
0, 0, 0, 0, 0, 0, 0, 8], [0, 0, 0, 0, 0, 0, 0, 0, 8, 8, 8], [0, 0, 0, 0,
0, 7, 7, 7, 8, 0, 8], [0, 0, 0, 0, 0, 7, 0, 0, 0, 0, 0], [0, 0, 0, 0, 0,
7, 7, 7, 0, 0, 0], [0, 0, 0, 0, 0, 7, 0, 7, 0, 0, 0], [0, 0, 0, 0, 0, 0,
0, 0, 0, 0, 0], [0, 0, 0, 0, 0, 0, 0, 0, 0, 0, 0]]}]}